Category,Title,Price,color,URL,HTML_File
Books,کتاب Linux Bible 10th Edition – Christopher Negus اثر Christopher Negus انتشارات مؤلفین طلایی,۷۸۵۰۵۰,N/A,https://www.digikala.com/product/dkp-5153423/%DA%A9%D8%AA%D8%A7%D8%A8-linux-bible-10th-edition-christopher-negus-%D8%A7%D8%AB%D8%B1-christopher-negus-%D8%A7%D9%86%D8%AA%D8%B4%D8%A7%D8%B1%D8%A7%D8%AA-%D9%85%D8%A4%D9%84%D9%81%DB%8C%D9%86-%D8%B7%D9%84%D8%A7%DB%8C%DB%8C/,digikala_pages\Books_1.html
Books,کتاب راهنمای بصری الگوهای نموداری اثر توماس بولکوفسکی انتشارات آرادکتاب,۴۱۵۰۰۰,N/A,https://www.digikala.com/product/dkp-4479237/%DA%A9%D8%AA%D8%A7%D8%A8-%D8%B1%D8%A7%D9%87%D9%86%D9%85%D8%A7%DB%8C-%D8%A8%D8%B5%D8%B1%DB%8C-%D8%A7%D9%84%DA%AF%D9%88%D9%87%D8%A7%DB%8C-%D9%86%D9%85%D9%88%D8%AF%D8%A7%D8%B1%DB%8C-%D8%A7%D8%AB%D8%B1-%D8%AA%D9%88%D9%85%D8%A7%D8%B3-%D8%A8%D9%88%D9%84%DA%A9%D9%88%D9%81%D8%B3%DA%A9%DB%8C-%D8%A7%D9%86%D8%AA%D8%B4%D8%A7%D8%B1%D8%A7%D8%AA-%D8%A2%D8%B1%D8%A7%D8%AF%DA%A9%D8%AA%D8%A7%D8%A8/,digikala_pages\Books_2.html
Books,کتاب ماتیلدا و چارلی و کارخانه شکلات سازی اثر رولد دال ترجمۀ پردیس فتحی نشر آذرگون دو جلدی,۸۲۶۰۰۰,N/A,https://www.digikala.com/product/dkp-19247546/%DA%A9%D8%AA%D8%A7%D8%A8-%D9%85%D8%A7%D8%AA%DB%8C%D9%84%D8%AF%D8%A7-%D9%88-%DA%86%D8%A7%D8%B1%D9%84%DB%8C-%D9%88-%DA%A9%D8%A7%D8%B1%D8%AE%D8%A7%D9%86%D9%87-%D8%B4%DA%A9%D9%84%D8%A7%D8%AA-%D8%B3%D8%A7%D8%B2%DB%8C-%D8%A7%D8%AB%D8%B1-%D8%B1%D9%88%D9%84%D8%AF-%D8%AF%D8%A7%D9%84-%D8%AA%D8%B1%D8%AC%D9%85%DB%80-%D9%BE%D8%B1%D8%AF%DB%8C%D8%B3-%D9%81%D8%AA%D8%AD%DB%8C-%D9%86%D8%B4%D8%B1-%D8%A2%D8%B0%D8%B1%DA%AF%D9%88%D9%86-%D8%AF%D9%88-%D8%AC%D9%84%D8%AF%DB%8C/?ad_variant_id=67612851,digikala_pages\Books_3.html
Books,کتاب نمی‌گذارم کسی اعصابم را به هم بریزد اثر آلبرت الیس وآرتور لانگ نشر آذرگون,۲۹۸۰۰۰,N/A,https://www.digikala.com/product/dkp-15198348/%DA%A9%D8%AA%D8%A7%D8%A8-%D9%86%D9%85%DB%8C%DA%AF%D8%B0%D8%A7%D8%B1%D9%85-%DA%A9%D8%B3%DB%8C-%D8%A7%D8%B9%D8%B5%D8%A7%D8%A8%D9%85-%D8%B1%D8%A7-%D8%A8%D9%87-%D9%87%D9%85-%D8%A8%D8%B1%DB%8C%D8%B2%D8%AF-%D8%A7%D8%AB%D8%B1-%D8%A2%D9%84%D8%A8%D8%B1%D8%AA-%D8%A7%D9%84%DB%8C%D8%B3-%D9%88%D8%A2%D8%B1%D8%AA%D9%88%D8%B1-%D9%84%D8%A7%D9%86%DA%AF-%D9%86%D8%B4%D8%B1-%D8%A2%D8%B0%D8%B1%DA%AF%D9%88%D9%86/?ad_variant_id=51960894,digikala_pages\Books_4.html
Books,کتاب آسیب شناسی روانی براساس DSM-5-TR اثر مهدی گنجی انتشارات ساوالان دو جلدی,۱۲۰۰۰۰۰,N/A,https://www.digikala.com/product/dkp-14998883/%DA%A9%D8%AA%D8%A7%D8%A8-%D8%A2%D8%B3%DB%8C%D8%A8-%D8%B4%D9%86%D8%A7%D8%B3%DB%8C-%D8%B1%D9%88%D8%A7%D9%86%DB%8C-%D8%A8%D8%B1%D8%A7%D8%B3%D8%A7%D8%B3-dsm-5-tr-%D8%A7%D8%AB%D8%B1-%D9%85%D9%87%D8%AF%DB%8C-%DA%AF%D9%86%D8%AC%DB%8C-%D8%A7%D9%86%D8%AA%D8%B4%D8%A7%D8%B1%D8%A7%D8%AA-%D8%B3%D8%A7%D9%88%D8%A7%D9%84%D8%A7%D9%86-%D8%AF%D9%88-%D8%AC%D9%84%D8%AF%DB%8C/,digikala_pages\Books_5.html
Books,کتاب آموزش سیاسی اثر جواد قربانی - دو جلدی,۵۰۰۰۰۰,N/A,https://www.digikala.com/product/dkp-370998/%DA%A9%D8%AA%D8%A7%D8%A8-%D8%A2%D9%85%D9%88%D8%B2%D8%B4-%D8%B3%DB%8C%D8%A7%D8%B3%DB%8C-%D8%A7%D8%AB%D8%B1-%D8%AC%D9%88%D8%A7%D8%AF-%D9%82%D8%B1%D8%A8%D8%A7%D9%86%DB%8C-%D8%AF%D9%88-%D8%AC%D9%84%D8%AF%DB%8C/,digikala_pages\Books_6.html
Books,کتاب ایدئولوژی آلمانی اثر کارل مارکس،فریدریش انگلس,۵۶۰۰۰۰,N/A,https://www.digikala.com/product/dkp-247949/%DA%A9%D8%AA%D8%A7%D8%A8-%D8%A7%DB%8C%D8%AF%D8%A6%D9%88%D9%84%D9%88%DA%98%DB%8C-%D8%A2%D9%84%D9%85%D8%A7%D9%86%DB%8C-%D8%A7%D8%AB%D8%B1-%DA%A9%D8%A7%D8%B1%D9%84-%D9%85%D8%A7%D8%B1%DA%A9%D8%B3%D9%81%D8%B1%DB%8C%D8%AF%D8%B1%DB%8C%D8%B4-%D8%A7%D9%86%DA%AF%D9%84%D8%B3/,digikala_pages\Books_7.html
Books,کتاب مبانی و اصول مدیریت آموزشی اثر دکتر غلامرضا شمس نشر سمت,۲۳۶۰۰۰,N/A,https://www.digikala.com/product/dkp-2463941/%DA%A9%D8%AA%D8%A7%D8%A8-%D9%85%D8%A8%D8%A7%D9%86%DB%8C-%D9%88-%D8%A7%D8%B5%D9%88%D9%84-%D9%85%D8%AF%DB%8C%D8%B1%DB%8C%D8%AA-%D8%A2%D9%85%D9%88%D8%B2%D8%B4%DB%8C-%D8%A7%D8%AB%D8%B1-%D8%AF%DA%A9%D8%AA%D8%B1-%D8%BA%D9%84%D8%A7%D9%85%D8%B1%D8%B6%D8%A7-%D8%B4%D9%85%D8%B3-%D9%86%D8%B4%D8%B1-%D8%B3%D9%85%D8%AA/,digikala_pages\Books_8.html
Books,کتاب آموزش نگارگری اثر بهمن شریفی - جلد 1,۴۷۰۰۰۰,N/A,https://www.digikala.com/product/dkp-88970/%DA%A9%D8%AA%D8%A7%D8%A8-%D8%A2%D9%85%D9%88%D8%B2%D8%B4-%D9%86%DA%AF%D8%A7%D8%B1%DA%AF%D8%B1%DB%8C-%D8%A7%D8%AB%D8%B1-%D8%A8%D9%87%D9%85%D9%86-%D8%B4%D8%B1%DB%8C%D9%81%DB%8C-%D8%AC%D9%84%D8%AF-1/,digikala_pages\Books_9.html
Books,کتاب THE PRINCE اثر Niccolò Machiavelli انتشارات OXFORD,۶۹۰۰۰۰,N/A,https://www.digikala.com/product/dkp-8136823/%DA%A9%D8%AA%D8%A7%D8%A8-the-prince-%D8%A7%D8%AB%D8%B1-niccol%C3%B2-machiavelli-%D8%A7%D9%86%D8%AA%D8%B4%D8%A7%D8%B1%D8%A7%D8%AA-oxford/,digikala_pages\Books_10.html
Clothes,جوراب زنانه مدل گیپور,۸۵۰۱۰,N/A,https://www.digikala.com/product/dkp-7974577/%D8%AC%D9%88%D8%B1%D8%A7%D8%A8-%D8%B2%D9%86%D8%A7%D9%86%D9%87-%D9%85%D8%AF%D9%84-%DA%AF%DB%8C%D9%BE%D9%88%D8%B1/,digikala_pages\Clothes_11.html
Clothes,تی شرت آستین کوتاه ورزشی زنانه پانیل مدل 199R,۳۶۰۰۰۰,N/A,https://www.digikala.com/product/dkp-8815089/%D8%AA%DB%8C-%D8%B4%D8%B1%D8%AA-%D8%A2%D8%B3%D8%AA%DB%8C%D9%86-%DA%A9%D9%88%D8%AA%D8%A7%D9%87-%D9%88%D8%B1%D8%B2%D8%B4%DB%8C-%D8%B2%D9%86%D8%A7%D9%86%D9%87-%D9%BE%D8%A7%D9%86%DB%8C%D9%84-%D9%85%D8%AF%D9%84-199r/,digikala_pages\Clothes_12.html
Clothes,شورتکس زنانه تاپیک مدل لایه جاذب ضدحساسیت رنگ طوسی بسته 3 عددی,۱۴۶۰۰۰۰,N/A,https://www.digikala.com/product/dkp-12117662/%D8%B4%D9%88%D8%B1%D8%AA%DA%A9%D8%B3-%D8%B2%D9%86%D8%A7%D9%86%D9%87-%D8%AA%D8%A7%D9%BE%DB%8C%DA%A9-%D9%85%D8%AF%D9%84-%D9%84%D8%A7%DB%8C%D9%87-%D8%AC%D8%A7%D8%B0%D8%A8-%D8%B1%D9%86%DA%AF-%D8%B7%D9%88%D8%B3%DB%8C-%D8%A8%D8%B3%D8%AA%D9%87-3-%D8%B9%D8%AF%D8%AF%DB%8C/?ad_variant_id=42134447,digikala_pages\Clothes_13.html
Clothes,شورتکس زنانه تاپیک مدل لایه جاذب ضدحساسیت رنگ مشکی بسته 6 عددی,۲۹۱۰۰۰۰,N/A,https://www.digikala.com/product/dkp-12645502/%D8%B4%D9%88%D8%B1%D8%AA%DA%A9%D8%B3-%D8%B2%D9%86%D8%A7%D9%86%D9%87-%D8%AA%D8%A7%D9%BE%DB%8C%DA%A9-%D9%85%D8%AF%D9%84-%D9%84%D8%A7%DB%8C%D9%87-%D8%AC%D8%A7%D8%B0%D8%A8-%D8%B1%D9%86%DA%AF-%D9%85%D8%B4%DA%A9%DB%8C-%D8%A8%D8%B3%D8%AA%D9%87-6-%D8%B9%D8%AF%D8%AF%DB%8C/?ad_variant_id=43879620,digikala_pages\Clothes_14.html
Clothes,شلوارک زنانه اسمارا مدل 8028166,۳۱۴۰۰۰,N/A,https://www.digikala.com/product/dkp-8028166/%D8%B4%D9%84%D9%88%D8%A7%D8%B1%DA%A9-%D8%B2%D9%86%D8%A7%D9%86%D9%87-%D8%A7%D8%B3%D9%85%D8%A7%D8%B1%D8%A7-%D9%85%D8%AF%D9%84-8028166/,digikala_pages\Clothes_15.html
Clothes,شورت زنانه آماد مدل کمر گیپور کد 1122,۸۸۰۰۰,N/A,https://www.digikala.com/product/dkp-9485676/%D8%B4%D9%88%D8%B1%D8%AA-%D8%B2%D9%86%D8%A7%D9%86%D9%87-%D8%A2%D9%85%D8%A7%D8%AF-%D9%85%D8%AF%D9%84-%DA%A9%D9%85%D8%B1-%DA%AF%DB%8C%D9%BE%D9%88%D8%B1-%DA%A9%D8%AF-1122/,digikala_pages\Clothes_16.html
Clothes,شورت زنانه مدل پشت گیپور غزل کد 504,۹۴۰۰۰,N/A,https://www.digikala.com/product/dkp-7866482/%D8%B4%D9%88%D8%B1%D8%AA-%D8%B2%D9%86%D8%A7%D9%86%D9%87-%D9%85%D8%AF%D9%84-%D9%BE%D8%B4%D8%AA-%DA%AF%DB%8C%D9%BE%D9%88%D8%B1-%D8%BA%D8%B2%D9%84-%DA%A9%D8%AF-504/,digikala_pages\Clothes_17.html
Clothes,شورت زنانه مدل نخی بسته 6 عددی,۲۹۰۰۰۰,N/A,https://www.digikala.com/product/dkp-10773613/%D8%B4%D9%88%D8%B1%D8%AA-%D8%B2%D9%86%D8%A7%D9%86%D9%87-%D9%85%D8%AF%D9%84-%D9%86%D8%AE%DB%8C-%D8%A8%D8%B3%D8%AA%D9%87-6-%D8%B9%D8%AF%D8%AF%DB%8C/,digikala_pages\Clothes_18.html
Clothes,شورت زنانه مدل نیم پا غزل کد 477,۹۸۰۰۰,N/A,https://www.digikala.com/product/dkp-7864652/%D8%B4%D9%88%D8%B1%D8%AA-%D8%B2%D9%86%D8%A7%D9%86%D9%87-%D9%85%D8%AF%D9%84-%D9%86%DB%8C%D9%85-%D9%BE%D8%A7-%D8%BA%D8%B2%D9%84-%DA%A9%D8%AF-477/,digikala_pages\Clothes_19.html
Clothes,سوتین زنانه پانیذ مدل بدون فنر کد 66508-11 رنگ سفید,۲۸۰۰۰۰,N/A,https://www.digikala.com/product/dkp-9845872/%D8%B3%D9%88%D8%AA%DB%8C%D9%86-%D8%B2%D9%86%D8%A7%D9%86%D9%87-%D9%BE%D8%A7%D9%86%DB%8C%D8%B0-%D9%85%D8%AF%D9%84-%D8%A8%D8%AF%D9%88%D9%86-%D9%81%D9%86%D8%B1-%DA%A9%D8%AF-66508-11-%D8%B1%D9%86%DA%AF-%D8%B3%D9%81%DB%8C%D8%AF/,digikala_pages\Clothes_20.html
Laptops,لپ تاپ لنوو مدل IdeaPad Slim 3 15IRU8 با پردازنده Intel Core i3-1315U، رم LPDDR5 با ظرفیت 8GB و فرکانس 4800MHz، حافظه SSD با ظرفیت 256GB، نمایشگر 15.6 اینچ با پنل TN,۲۶۹۹۰۰۰۰,خاکستری,https://www.digikala.com/product/dkp-16801385/%D9%84%D9%BE-%D8%AA%D8%A7%D9%BE-156-%D8%A7%DB%8C%D9%86%DA%86%DB%8C-%D9%84%D9%86%D9%88%D9%88-%D9%85%D8%AF%D9%84-ideapad-slim-3-15iru8-i3-1315u-8gb-lpddr5-256gb-ssd-tn/,digikala_pages\Laptops_21.html
Laptops,لپ تاپ 15.6 اینچی ایسوس مدل Vivobook 15 F1504VA-NJ826-i7 1355U 16GB 512SSD TN Fingerprint Backlit,۴۹۹۵۰۰۰۰,نقره ای,https://www.digikala.com/product/dkp-15108740/%D9%84%D9%BE-%D8%AA%D8%A7%D9%BE-156-%D8%A7%DB%8C%D9%86%DA%86%DB%8C-%D8%A7%DB%8C%D8%B3%D9%88%D8%B3-%D9%85%D8%AF%D9%84-vivobook-15-f1504va-nj826-i7-1355u-16gb-512ssd-tn-fingerprint-backlit/,digikala_pages\Laptops_22.html
Laptops,لپ‌تاپ لنوو مدل IdeaPad Slim 3 15IRH8 با پردازنده Intel Core i5-13420H، رم LPDDR5 با ظرفیت 8GB و فرکانس 4800MHz، حافظه SSD با ظرفیت 512GB، نمایشگر 15.6 اینچ با پنل TN,۳۸۰۰۰۰۰۰,خاکستری,https://www.digikala.com/product/dkp-13278622/%D9%84%D9%BE-%D8%AA%D8%A7%D9%BE-156-%D8%A7%DB%8C%D9%86%DA%86%DB%8C-%D9%84%D9%86%D9%88%D9%88-%D9%85%D8%AF%D9%84-ideapad-slim-3-15irh8-i5-13420h-8gb-lpddr5-512gb-ssd-tn/,digikala_pages\Laptops_23.html
Laptops,لپ تاپ لنوو مدل IdeaPad Slim 3 15IRH8 با پردازنده Intel Core i5-13420H، رم LPDDR5 با ظرفیت 8GB و فرکانس 4800MHz، حافظه SSD با ظرفیت 512GB، نمایشگر 15.6 اینچ با پنل IPS,۳۸۵۰۰۰۰۰,خاکستری,https://www.digikala.com/product/dkp-15590413/%D9%84%D9%BE-%D8%AA%D8%A7%D9%BE-156-%D8%A7%DB%8C%D9%86%DA%86%DB%8C-%D9%84%D9%86%D9%88%D9%88-%D9%85%D8%AF%D9%84-ideapad-slim-3-15irh8-i5-13420h-8gb-lpddr5-512gb-ssd-ips/,digikala_pages\Laptops_24.html
Laptops,لپ تاپ ایسوس مدل Vivobook Go 14 E410KA-CL464 با پردازنده Intel Celeron-N4500، رم DDR4 با ظرفیت 4GB و فرکانس 3200MHz، حافظه eMMC با ظرفیت 64GB، نمایشگر 14 اینچ با پنل TN، نامبرپد دیجیتالی، سیستم عامل Windows 11، کاستوم شده,۱۳۱۱۰۰۰۰,مشکی,https://www.digikala.com/product/dkp-16942497/%D9%84%D9%BE-%D8%AA%D8%A7%D9%BE-14-%D8%A7%DB%8C%D9%86%DA%86%DB%8C-%D8%A7%DB%8C%D8%B3%D9%88%D8%B3-%D9%85%D8%AF%D9%84-vivobook-go-14-e410ka-cl464-celeron-n4500-4gb-ddr4-64gb-emmc-tn-w/,digikala_pages\Laptops_25.html
Laptops,لپ تاپ 13.5 اینچی چویی مدل FreeBook 360-N100-12GB LPDDR5-512GB SSD-IPS-Touch,۲۵۹۶۴۰۰۰,مشکی,https://www.digikala.com/product/dkp-18519741/%D9%84%D9%BE-%D8%AA%D8%A7%D9%BE-135-%D8%A7%DB%8C%D9%86%DA%86%DB%8C-%DA%86%D9%88%DB%8C%DB%8C-%D9%85%D8%AF%D9%84-freebook-360-n100-12gb-lpddr5-512gb-ssd-ips-touch/,digikala_pages\Laptops_26.html
Laptops,لپ تاپ ایسوس مدل Vivobook 15 F1504VA-NJ1214 با پردازنده Intel Core i3-1315U، رم DDR4 با ظرفیت 8GB و فرکانس 3200MHz، حافظه SSD با ظرفیت 256GB، نمایشگر 15.6 اینچ با پنل TFT,۲۸۲۰۰۰۰۰,سرمه ای,https://www.digikala.com/product/dkp-17287512/%D9%84%D9%BE-%D8%AA%D8%A7%D9%BE-156-%D8%A7%DB%8C%D9%86%DA%86%DB%8C-%D8%A7%DB%8C%D8%B3%D9%88%D8%B3-%D9%85%D8%AF%D9%84-vivobook-15-f1504va-nj1214-i3-1315u-8gb-ddr4-256gb-ssd-tft/,digikala_pages\Laptops_27.html
Laptops,لپ تاپ 16 اینچی ایسوس مدل Vivobook 16X K3605ZF-RP752 با پردازنده Intel Core i7-12700H و گرافیک RTX 2050 4GB، رم DDR4 با ظرفیت 16GB و فرکانس 3200MHz، حافظه SSD با ظرفیت 512GB، نمایشگر 16 اینچ با پنل IPS و نرخ به‌روزرسانی 120 هرتز، کیبورد با نور پس زمینه,۶۶۰۰۰۰۰۰,مشکی,https://www.digikala.com/product/dkp-17903295/%D9%84%D9%BE-%D8%AA%D8%A7%D9%BE-16-%D8%A7%DB%8C%D9%86%DA%86%DB%8C-%D8%A7%DB%8C%D8%B3%D9%88%D8%B3-%D9%85%D8%AF%D9%84-vivobook-16x-k3605zf-rp752-i7-12700h-16gb-ddr4-512gb-ssd-ips/,digikala_pages\Laptops_28.html
Laptops,لپ‌تاپ لنوو مدل V15 G2 IJL با پردازنده Intel Celeron-N4500، رم DDR4 با ظرفیت 4GB و فرکانس 2933MHz، حافظه SSD با ظرفیت 256GB، نمایشگر 15.6 اینچ با پنل TN,۱۹۱۴۰۰۰۰,مشکی,https://www.digikala.com/product/dkp-14026353/%D9%84%D9%BE-%D8%AA%D8%A7%D9%BE-156-%D8%A7%DB%8C%D9%86%DA%86%DB%8C-%D9%84%D9%86%D9%88%D9%88-%D9%85%D8%AF%D9%84-v15-g2-ijl-celeron-n4500-4gb-ddr4-256gb-ssd-tn/,digikala_pages\Laptops_29.html
Laptops,لپ تاپ 15.6 اینچی لنوو مدل IdeaPad Slim 3 15IRH8-i7 13620H-16GB LPDDR5-512GB SSD-IPS,۴۸۷۹۹۰۰۰,خاکستری,https://www.digikala.com/product/dkp-17993716/%D9%84%D9%BE-%D8%AA%D8%A7%D9%BE-156-%D8%A7%DB%8C%D9%86%DA%86%DB%8C-%D9%84%D9%86%D9%88%D9%88-%D9%85%D8%AF%D9%84-ideapad-slim-3-15irh8-i7-13620h-16gb-lpddr5-512gb-ssd-ips/,digikala_pages\Laptops_30.html
Phone,گوشی موبایل اپل مدل iPhone 16 CH دو سیم کارت ظرفیت 128 گیگابایت و رم 8 گیگابایت,۸۷۷۸۲۵۰۰,مشکی,https://www.digikala.com/product/dkp-17986495/%DA%AF%D9%88%D8%B4%DB%8C-%D9%85%D9%88%D8%A8%D8%A7%DB%8C%D9%84-%D8%A7%D9%BE%D9%84-%D9%85%D8%AF%D9%84-iphone-16-ch-%D8%AF%D9%88-%D8%B3%DB%8C%D9%85-%DA%A9%D8%A7%D8%B1%D8%AA-%D8%B8%D8%B1%D9%81%DB%8C%D8%AA-128-%DA%AF%DB%8C%DA%AF%D8%A7%D8%A8%D8%A7%DB%8C%D8%AA-%D9%88-%D8%B1%D9%85-8-%DA%AF%DB%8C%DA%AF%D8%A7%D8%A8%D8%A7%DB%8C%D8%AA/,digikala_pages\Phone_31.html
Phone,گوشی موبایل سامسونگ مدل Galaxy A55 دو سیم کارت ظرفیت 256 گیگابایت و رم 8 گیگابایت - ویتنام,۲۸۷۷۱۰۰۰,سرمه ای,https://www.digikala.com/product/dkp-14851833/%DA%AF%D9%88%D8%B4%DB%8C-%D9%85%D9%88%D8%A8%D8%A7%DB%8C%D9%84-%D8%B3%D8%A7%D9%85%D8%B3%D9%88%D9%86%DA%AF-%D9%85%D8%AF%D9%84-galaxy-a55-%D8%AF%D9%88-%D8%B3%DB%8C%D9%85-%DA%A9%D8%A7%D8%B1%D8%AA-%D8%B8%D8%B1%D9%81%DB%8C%D8%AA-256-%DA%AF%DB%8C%DA%AF%D8%A7%D8%A8%D8%A7%DB%8C%D8%AA-%D9%88-%D8%B1%D9%85-8-%DA%AF%DB%8C%DA%AF%D8%A7%D8%A8%D8%A7%DB%8C%D8%AA-%D9%88%DB%8C%D8%AA%D9%86%D8%A7%D9%85/,digikala_pages\Phone_32.html
Phone,گوشی موبایل شیائومی مدل Poco M5s دو سیم کارت ظرفیت 256 گیگابایت و رم 8 گیگابایت - گلوبال,۱۱۶۹۹۰۰۰,خاکستری,https://www.digikala.com/product/dkp-11427742/%DA%AF%D9%88%D8%B4%DB%8C-%D9%85%D9%88%D8%A8%D8%A7%DB%8C%D9%84-%D8%B4%DB%8C%D8%A7%D8%A6%D9%88%D9%85%DB%8C-%D9%85%D8%AF%D9%84-poco-m5s-%D8%AF%D9%88-%D8%B3%DB%8C%D9%85-%DA%A9%D8%A7%D8%B1%D8%AA-%D8%B8%D8%B1%D9%81%DB%8C%D8%AA-256-%DA%AF%DB%8C%DA%AF%D8%A7%D8%A8%D8%A7%DB%8C%D8%AA-%D9%88-%D8%B1%D9%85-8-%DA%AF%DB%8C%DA%AF%D8%A7%D8%A8%D8%A7%DB%8C%D8%AA-%DA%AF%D9%84%D9%88%D8%A8%D8%A7%D9%84/,digikala_pages\Phone_33.html
Phone,گوشی موبایل سامسونگ مدل Galaxy S24 Ultra دو سیم کارت ظرفیت 256 گیگابایت و رم 12 گیگابایت - ویتنام,۸۶۲۰۰۰۰۰,خاکستری,https://www.digikala.com/product/dkp-13714776/%DA%AF%D9%88%D8%B4%DB%8C-%D9%85%D9%88%D8%A8%D8%A7%DB%8C%D9%84-%D8%B3%D8%A7%D9%85%D8%B3%D9%88%D9%86%DA%AF-%D9%85%D8%AF%D9%84-galaxy-s24-ultra-%D8%AF%D9%88-%D8%B3%DB%8C%D9%85-%DA%A9%D8%A7%D8%B1%D8%AA-%D8%B8%D8%B1%D9%81%DB%8C%D8%AA-256-%DA%AF%DB%8C%DA%AF%D8%A7%D8%A8%D8%A7%DB%8C%D8%AA-%D9%88-%D8%B1%D9%85-12-%DA%AF%DB%8C%DA%AF%D8%A7%D8%A8%D8%A7%DB%8C%D8%AA-%D9%88%DB%8C%D8%AA%D9%86%D8%A7%D9%85/,digikala_pages\Phone_34.html
Phone,گوشی موبایل سامسونگ مدل Galaxy A35 دو سیم کارت ظرفیت 256 گیگابایت رم 8 گیگابایت - ویتنام,۲۲۸۵۹۵۰۰,سرمه ای,https://www.digikala.com/product/dkp-14851182/%DA%AF%D9%88%D8%B4%DB%8C-%D9%85%D9%88%D8%A8%D8%A7%DB%8C%D9%84-%D8%B3%D8%A7%D9%85%D8%B3%D9%88%D9%86%DA%AF-%D9%85%D8%AF%D9%84-galaxy-a35-%D8%AF%D9%88-%D8%B3%DB%8C%D9%85-%DA%A9%D8%A7%D8%B1%D8%AA-%D8%B8%D8%B1%D9%81%DB%8C%D8%AA-256-%DA%AF%DB%8C%DA%AF%D8%A7%D8%A8%D8%A7%DB%8C%D8%AA-%D8%B1%D9%85-8-%DA%AF%DB%8C%DA%AF%D8%A7%D8%A8%D8%A7%DB%8C%D8%AA-%D9%88%DB%8C%D8%AA%D9%86%D8%A7%D9%85/,digikala_pages\Phone_35.html
Phone,گوشی موبایل اپل مدل iPhone 14 CH دو سیم کارت ظرفیت 128 گیگابایت و رم 6 گیگابایت,۶۳۹۷۸۲۰۰,مشکی,https://www.digikala.com/product/dkp-9422534/%DA%AF%D9%88%D8%B4%DB%8C-%D9%85%D9%88%D8%A8%D8%A7%DB%8C%D9%84-%D8%A7%D9%BE%D9%84-%D9%85%D8%AF%D9%84-iphone-14-ch-%D8%AF%D9%88-%D8%B3%DB%8C%D9%85-%DA%A9%D8%A7%D8%B1%D8%AA-%D8%B8%D8%B1%D9%81%DB%8C%D8%AA-128-%DA%AF%DB%8C%DA%AF%D8%A7%D8%A8%D8%A7%DB%8C%D8%AA-%D9%88-%D8%B1%D9%85-6-%DA%AF%DB%8C%DA%AF%D8%A7%D8%A8%D8%A7%DB%8C%D8%AA/,digikala_pages\Phone_36.html
Phone,گوشی موبایل اپل مدل iPhone 13 CH دو سیم‌ کارت ظرفیت 128 گیگابایت و رم 4 گیگابایت - نات اکتیو,۵۹۰۰۰۰۰۰,مشکی,https://www.digikala.com/product/dkp-8366616/%DA%AF%D9%88%D8%B4%DB%8C-%D9%85%D9%88%D8%A8%D8%A7%DB%8C%D9%84-%D8%A7%D9%BE%D9%84-%D9%85%D8%AF%D9%84-iphone-13-ch-%D8%AF%D9%88-%D8%B3%DB%8C%D9%85-%DA%A9%D8%A7%D8%B1%D8%AA-%D8%B8%D8%B1%D9%81%DB%8C%D8%AA-128-%DA%AF%DB%8C%DA%AF%D8%A7%D8%A8%D8%A7%DB%8C%D8%AA-%D9%88-%D8%B1%D9%85-4-%DA%AF%DB%8C%DA%AF%D8%A7%D8%A8%D8%A7%DB%8C%D8%AA-%D9%86%D8%A7%D8%AA-%D8%A7%DA%A9%D8%AA%DB%8C%D9%88/,digikala_pages\Phone_37.html
Phone,گوشی موبایل سامسونگ مدل Galaxy A25 دو سیم کارت ظرفیت 256 گیگابایت و رم 8 گیگابایت - ویتنام,۲۰۷۰۰۰۰۰,زرد,https://www.digikala.com/product/dkp-13981188/%DA%AF%D9%88%D8%B4%DB%8C-%D9%85%D9%88%D8%A8%D8%A7%DB%8C%D9%84-%D8%B3%D8%A7%D9%85%D8%B3%D9%88%D9%86%DA%AF-%D9%85%D8%AF%D9%84-galaxy-a25-%D8%AF%D9%88-%D8%B3%DB%8C%D9%85-%DA%A9%D8%A7%D8%B1%D8%AA-%D8%B8%D8%B1%D9%81%DB%8C%D8%AA-256-%DA%AF%DB%8C%DA%AF%D8%A7%D8%A8%D8%A7%DB%8C%D8%AA-%D9%88-%D8%B1%D9%85-8-%DA%AF%DB%8C%DA%AF%D8%A7%D8%A8%D8%A7%DB%8C%D8%AA-%D9%88%DB%8C%D8%AA%D9%86%D8%A7%D9%85/,digikala_pages\Phone_38.html
Phone,گوشی موبایل شیائومی مدل Redmi A3 دو سیم کارت ظرفیت 64 گیگابایت و رم 3 گیگابایت,۶۶۹۹۰۰۰,سبز,https://www.digikala.com/product/dkp-14501818/%DA%AF%D9%88%D8%B4%DB%8C-%D9%85%D9%88%D8%A8%D8%A7%DB%8C%D9%84-%D8%B4%DB%8C%D8%A7%D8%A6%D9%88%D9%85%DB%8C-%D9%85%D8%AF%D9%84-redmi-a3-%D8%AF%D9%88-%D8%B3%DB%8C%D9%85-%DA%A9%D8%A7%D8%B1%D8%AA-%D8%B8%D8%B1%D9%81%DB%8C%D8%AA-64-%DA%AF%DB%8C%DA%AF%D8%A7%D8%A8%D8%A7%DB%8C%D8%AA-%D9%88-%D8%B1%D9%85-3-%DA%AF%DB%8C%DA%AF%D8%A7%D8%A8%D8%A7%DB%8C%D8%AA/,digikala_pages\Phone_39.html
Phone,گوشی موبایل سامسونگ مدل Galaxy A05s دو سیم کارت ظرفیت 64 گیگابایت و رم 4 گیگابایت,۹۷۵۰۰۰۰,مشکی,https://www.digikala.com/product/dkp-13804607/%DA%AF%D9%88%D8%B4%DB%8C-%D9%85%D9%88%D8%A8%D8%A7%DB%8C%D9%84-%D8%B3%D8%A7%D9%85%D8%B3%D9%88%D9%86%DA%AF-%D9%85%D8%AF%D9%84-galaxy-a05s-%D8%AF%D9%88-%D8%B3%DB%8C%D9%85-%DA%A9%D8%A7%D8%B1%D8%AA-%D8%B8%D8%B1%D9%81%DB%8C%D8%AA-64-%DA%AF%DB%8C%DA%AF%D8%A7%D8%A8%D8%A7%DB%8C%D8%AA-%D9%88-%D8%B1%D9%85-4-%DA%AF%DB%8C%DA%AF%D8%A7%D8%A8%D8%A7%DB%8C%D8%AA/,digikala_pages\Phone_40.html
cooking,پلوپز پارس خزر مدل RC-61 Tyan,۳۴۰۰۰۰۰,سفید,https://www.digikala.com/product/dkp-26662/%D9%BE%D9%84%D9%88%D9%BE%D8%B2-%D9%BE%D8%A7%D8%B1%D8%B3-%D8%AE%D8%B2%D8%B1-%D9%85%D8%AF%D9%84-rc-61-tyan/,digikala_pages\cooking_41.html
cooking,سرخ‌کن بدون روغن گوسونیک، 7 لیتری، نمایشگر لمسی رنگی، دارای 12 برنامه پخت، سیستم خاموشی خودکار، ظرف متحرک و قابل شست‌وشو، مدل دو المنت GAF -837,۴۳۷۹۱۷۰,مشکی,https://www.digikala.com/product/dkp-15185320/%D9%87%D9%88%D8%A7%D9%BE%D8%B2-7-%D9%84%DB%8C%D8%AA%D8%B1%DB%8C-%DA%AF%D9%88%D8%B3%D9%88%D9%86%DB%8C%DA%A9-%D9%85%D8%AF%D9%84-%D8%AF%D9%88-%D8%A7%D9%84%D9%85%D9%86%D8%AA-gaf-837/,digikala_pages\cooking_42.html
cooking,هواپز 6.5 لیتری تز مدل AM9000,۷۳۹۰۰۰۰,مشکی,https://www.digikala.com/product/dkp-18442741/%D9%87%D9%88%D8%A7%D9%BE%D8%B2-65-%D9%84%DB%8C%D8%AA%D8%B1%DB%8C-%D8%AA%D8%B2-%D9%85%D8%AF%D9%84-am9000/?ad_variant_id=64742495,digikala_pages\cooking_43.html
cooking,پلوپز مدل KH-5511,۳۸۲۲۰۰۰,کرم,https://www.digikala.com/product/dkp-17524980/%D9%BE%D9%84%D9%88%D9%BE%D8%B2-%D9%85%D8%AF%D9%84-kh-5511/?ad_variant_id=62309084,digikala_pages\cooking_44.html
cooking,تخم مرغ پز بلک اند دکر مدل Eg200,۱۴۷۹۴۵۰,سفید,https://www.digikala.com/product/dkp-14064257/%D8%AA%D8%AE%D9%85-%D9%85%D8%B1%D8%BA-%D9%BE%D8%B2-%D8%A8%D9%84%DA%A9-%D8%A7%D9%86%D8%AF-%D8%AF%DA%A9%D8%B1-%D9%85%D8%AF%D9%84-eg200/,digikala_pages\cooking_45.html
cooking,سرخ‌کن بدون روغن فیلیپس، ظرفیت 6.2 لیتری، دارای صفحه نمایش لمسی، مدل HD9270,۸۰۰۰۰۰۰,مشکی,https://www.digikala.com/product/dkp-12546496/%D8%B3%D8%B1%D8%AE%DA%A9%D9%86-62-%D9%84%DB%8C%D8%AA%D8%B1%DB%8C-%D9%81%DB%8C%D9%84%DB%8C%D9%BE%D8%B3-%D9%85%D8%AF%D9%84-hd9270/,digikala_pages\cooking_46.html
cooking,ساندویچ ساز گوسونیک مدل GSM 605,۳۵۰۰۰۰۰,استیل,https://www.digikala.com/product/dkp-14423285/%D8%B3%D8%A7%D9%86%D8%AF%D9%88%DB%8C%DA%86-%D8%B3%D8%A7%D8%B2-%DA%AF%D9%88%D8%B3%D9%88%D9%86%DB%8C%DA%A9-%D9%85%D8%AF%D9%84-gsm-605/,digikala_pages\cooking_47.html
cooking,سرخ‌کن بدون روغن فیلیپس، 6 لیتری، صفحه نمایش دیجیتال، دارای دکمه توقف عملیات، مدل 9270,۷۷۵۲۵۱۰,مشکی,https://www.digikala.com/product/dkp-7439603/%D8%B3%D8%B1%D8%AE-%DA%A9%D9%86-%D8%A8%D8%AF%D9%88%D9%86-%D8%B1%D9%88%D8%BA%D9%86-%D9%81%DB%8C%D9%84%DB%8C%D9%BE%D8%B3-%D9%85%D8%AF%D9%84-9270/,digikala_pages\cooking_48.html
cooking,تخم مرغ پز فوما مدل Fu-853,۱۱۹۹۰۰۰,استیل,https://www.digikala.com/product/dkp-879953/%D8%AA%D8%AE%D9%85-%D9%85%D8%B1%D8%BA-%D9%BE%D8%B2-%D9%81%D9%88%D9%85%D8%A7-%D9%85%D8%AF%D9%84-fu-853/,digikala_pages\cooking_49.html
cooking,وافل ساز سانیز مدل مینی سانی,۱۰۹۰۰۰۰,رزبری,https://www.digikala.com/product/dkp-4544951/%D9%88%D8%A7%D9%81%D9%84-%D8%B3%D8%A7%D8%B2-%D8%B3%D8%A7%D9%86%DB%8C%D8%B2-%D9%85%D8%AF%D9%84-%D9%85%DB%8C%D9%86%DB%8C-%D8%B3%D8%A7%D9%86%DB%8C/,digikala_pages\cooking_50.html
